<?xml version="1.0" encoding="UTF-8"?>
<!DOCTYPE mapper PUBLIC "-//mybatis.org//DTD Mapper 3.0//EN" 
"http://mybatis.org/dtd/mybatis-3-mapper.dtd">
<mapper namespace="com.groupfour.dao.RoleDao">
	<resultMap type="role" id="roleMap">
		<result column="role_id" property="roleId" />
		<result column="role_name" property="roleName" />
	</resultMap>

	<select id="getAllRoleList" resultMap="roleMap">
		select * from sys_role
	</select>

	<insert id="insertRole" parameterType="role"
		keyProperty="roleId" useGeneratedKeys="true">
		insert into sys_role (role_name)
		values(#{roleName})
	</insert>

	<insert id="insertRoleMenu">
		insert into sys_role_menu(role_id, menu_id) values
		<foreach collection="menuIds" item="menuId" separator=",">
			(#{roleId}, #{menuId})
		</foreach>
	</insert>

	<delete id="deleteRole">
		delete from sys_role
		where role_id = #{roleId}
	</delete>

	<delete id="deleteRoleMenu">
		delete from sys_role_menu
		where role_id = #{roleId}
	</delete>

	<update id="updateRole">
		update sys_role
		set role_name = #{roleName}
		where
		role_id = #{roleId}
	</update>

	<select id="getUsersRoleByRoleId" parameterType="Integer"
		resultType="users">
		select *
		from sys_user u, sys_user_role ur, sys_role r
		where
		u.user_id = ur.user_id and ur.role_id = r.role_id and r.role_id =
		#{roleId}
	</select>
</mapper>